{
	"class_name" : "PinholeCameraParameters",
	"extrinsic" : 
    [   
        0.0028196058701724,
		-0.99999541044235,
		-0.0010984534164891,
		0.0,
		0.0024303765967488,
		0.0011053073685616,
		-0.99999642372131,
		0.0,
		0.99999308586121,
		0.0028169262222946,
		0.0024334820918739,
		0.0,
		0.10040114513831,
		0.059176884591579,
		0.94988032648253,
		1.0
    ],
    
	"intrinsic" : 
	{
		"height" : 720,
		"intrinsic_matrix" : 
		[
			646.19921875,
			0.0,
			0.0,
			0.0,
			640.3682861328125,
			0.0,
			645.3533325195312,
			359.1807861328125,
			1.0
		],
		"width" : 1280
	},
	"version_major" : 1,
	"version_minor" : 0
}